{
  "start_time": 1588839101.043444, 
  "stopped": false, 
  "run_time": 86400.0, 
  "dwoi": [
    [
      [
        0.0
      ], 
      [
        0.0
      ], 
      [
        6.0
      ], 
      [
        "roll_z_0_1pitch_y_0_7pitch_y_0_4pitch_z_0_4pitch_z_0_4pitch_x_0_7"
      ], 
      [
        "{'#long_link': 2, 'long_link': 0.7, 'dof': 6, 'par_axes_y': 2, 'pitch_joint': 5, 'p/r_ratio': 1.0, 'acc_length': 3.1}"
      ]
    ]
  ], 
  "cr": {
    "{'#long_link': 2, 'long_link': 0.7, 'dof': 6, 'par_axes_y': 0, 'pitch_joint': 2, 'p/r_ratio': 0.0, 'acc_length': 2.6}": [
      0.0023992746982183346, 
      0.0034022276920630534, 
      0.0, 
      9.89650780793272e-05, 
      0.0, 
      0.0, 
      0.0, 
      0.0, 
      0.0
    ], 
    "{'#long_link': 2, 'long_link': 0.7, 'dof': 6, 'par_axes_y': 0, 'pitch_joint': 4, 'p/r_ratio': 0.0, 'acc_length': 2.6}": [
      0.0, 
      0.0, 
      0.00030128463104114325, 
      0.0, 
      0.0, 
      0.0, 
      0.0, 
      0.0
    ], 
    "{'#long_link': 2, 'long_link': 0.7, 'dof': 6, 'par_axes_y': 2, 'pitch_joint': 4, 'p/r_ratio': 0.0, 'acc_length': 2.6}": [
      0.20233519729746305, 
      0.016492204508535457, 
      0.0, 
      0.0, 
      0.0, 
      0.0, 
      0.0
    ], 
    "{'#long_link': 3, 'long_link': 0.7, 'dof': 6, 'par_axes_y': 0, 'pitch_joint': 4, 'p/r_ratio': 0.0, 'acc_length': 3.1}": [
      0.002301075888088355, 
      0.002299825354042806, 
      0.001305233244018833, 
      0.0, 
      0.0, 
      0.0, 
      0.0, 
      0.0
    ], 
    "{'#long_link': 3, 'long_link': 0.7, 'dof': 6, 'par_axes_y': 0, 'pitch_joint': 3, 'p/r_ratio': 0.0, 'acc_length': 3.1}": [
      0.00209926675774339, 
      0.00039714055420799756, 
      0.0035838429476860224, 
      0.015914477134868966, 
      0.0, 
      0.0, 
      0.0, 
      0.0, 
      0.0
    ], 
    "{'#long_link': 2, 'long_link': 0.7, 'dof': 6, 'par_axes_y': 0, 'pitch_joint': 3, 'p/r_ratio': 0.0, 'acc_length': 2.6}": [
      0.0, 
      0.00010055914739629524, 
      0.0027883370367710048, 
      0.0, 
      1.2079070094872524e-05, 
      0.0, 
      0.0, 
      0.0, 
      0.0, 
      0.0
    ]
  }, 
  "gen": 1240
}