{
  "start_time": 1585743259.735931, 
  "stopped": true, 
  "run_time": 1728.0, 
  "dwoi": [
    [
      [
        0.006, 
        0.007, 
        0.002, 
        0.001, 
        0.088, 
        0.105, 
        0.098, 
        0.134, 
        0.124, 
        0.125, 
        0.205, 
        0.073, 
        0.123, 
        0.0, 
        0.001, 
        0.124
      ], 
      [
        0.838, 
        0.8240000000000001, 
        0.888, 
        0.966, 
        0.813, 
        0.6679999999999999, 
        0.725, 
        0.599, 
        0.634, 
        0.616, 
        0.41600000000000004, 
        0.8140000000000001, 
        0.526, 
        0.8220000000000001, 
        0.531, 
        0.45699999999999996
      ], 
      [
        4.0, 
        4.0, 
        5.0, 
        5.0, 
        5.0, 
        5.0, 
        5.0, 
        5.0, 
        5.0, 
        5.0, 
        5.0, 
        5.0, 
        6.0, 
        6.0, 
        6.0, 
        6.0
      ], 
      [
        "roll_z_0_1pitch_y_0_1pitch_z_0_7roll_z_0_4", 
        "roll_z_0_1pitch_y_0_4pitch_y_0_4roll_x_0_7", 
        "roll_z_0_1roll_y_0_7pitch_y_0_7pitch_z_0_1pris_x_0_4", 
        "roll_z_0_1pitch_y_0_4roll_x_0_4roll_y_0_7roll_y_0_7", 
        "roll_z_0_1pitch_y_0_4pitch_y_0_4pitch_y_0_4pitch_z_0_1", 
        "roll_z_0_1pitch_y_0_4pitch_z_0_1pitch_x_0_4pitch_z_0_1", 
        "roll_z_0_1pitch_y_0_4roll_y_0_4pitch_y_0_1roll_x_0_4", 
        "roll_z_0_1pitch_y_0_1pitch_z_0_4roll_x_0_4roll_y_0_4", 
        "roll_z_0_1pitch_y_0_4roll_y_0_1pitch_y_0_4roll_z_0_4", 
        "roll_z_0_1pitch_y_0_4pitch_x_0_1roll_x_0_4roll_y_0_4", 
        "roll_z_0_1roll_y_0_4pitch_y_0_1roll_y_0_4roll_y_0_4", 
        "roll_z_0_1roll_y_0_4roll_y_0_4pitch_y_0_1pitch_x_0_4", 
        "roll_z_0_1pitch_y_0_7pitch_y_0_4pitch_z_0_4pitch_z_0_4pitch_x_0_7", 
        "roll_z_0_1pitch_y_0_4pitch_y_0_1roll_x_0_1pitch_y_0_7roll_x_0_1", 
        "roll_z_0_1pitch_y_0_4pitch_y_0_1pitch_x_0_4pitch_x_0_7pitch_y_0_1", 
        "roll_z_0_1roll_y_0_4pitch_y_0_4pitch_x_0_1pitch_y_0_7pitch_x_0_1"
      ], 
      [
        "{'#long_link': 1, 'long_link': 0.7, 'dof': 4, 'par_axes_y': 0, 'pitch_joint': 2, 'p/r_ratio': 0.0, 'acc_length': 1.5}", 
        "{'#long_link': 1, 'long_link': 0.7, 'dof': 4, 'par_axes_y': 2, 'pitch_joint': 2, 'p/r_ratio': 0.0, 'acc_length': 2}", 
        "{'#long_link': 2, 'long_link': 0.7, 'dof': 5, 'par_axes_y': 0, 'pitch_joint': 2, 'p/r_ratio': 0.25, 'acc_length': 2}", 
        "{'#long_link': 2, 'long_link': 0.7, 'dof': 5, 'par_axes_y': 0, 'pitch_joint': 1, 'p/r_ratio': 0.0, 'acc_length': 2.6}", 
        "{'#long_link': 0, 'long_link': 0.4, 'dof': 5, 'par_axes_y': 3, 'pitch_joint': 4, 'p/r_ratio': 0.0, 'acc_length': 1.5}", 
        "{'#long_link': 0, 'long_link': 0.4, 'dof': 5, 'par_axes_y': 0, 'pitch_joint': 4, 'p/r_ratio': 0.0, 'acc_length': 1.5}", 
        "{'#long_link': 0, 'long_link': 0.4, 'dof': 5, 'par_axes_y': 0, 'pitch_joint': 2, 'p/r_ratio': 0.0, 'acc_length': 1.5}", 
        "{'#long_link': 0, 'long_link': 0.4, 'dof': 5, 'par_axes_y': 0, 'pitch_joint': 2, 'p/r_ratio': 0.0, 'acc_length': 1.5}", 
        "{'#long_link': 0, 'long_link': 0.4, 'dof': 5, 'par_axes_y': 0, 'pitch_joint': 2, 'p/r_ratio': 0.0, 'acc_length': 1.5}", 
        "{'#long_link': 0, 'long_link': 0.4, 'dof': 5, 'par_axes_y': 0, 'pitch_joint': 2, 'p/r_ratio': 0.0, 'acc_length': 1.5}", 
        "{'#long_link': 0, 'long_link': 0.4, 'dof': 5, 'par_axes_y': 0, 'pitch_joint': 1, 'p/r_ratio': 0.0, 'acc_length': 1.5}", 
        "{'#long_link': 0, 'long_link': 0.4, 'dof': 5, 'par_axes_y': 0, 'pitch_joint': 2, 'p/r_ratio': 0.0, 'acc_length': 1.5}", 
        "{'#long_link': 2, 'long_link': 0.7, 'dof': 6, 'par_axes_y': 2, 'pitch_joint': 5, 'p/r_ratio': 0.0, 'acc_length': 3.1}", 
        "{'#long_link': 1, 'long_link': 0.7, 'dof': 6, 'par_axes_y': 2, 'pitch_joint': 3, 'p/r_ratio': 0.0, 'acc_length': 1.5}", 
        "{'#long_link': 1, 'long_link': 0.7, 'dof': 6, 'par_axes_y': 2, 'pitch_joint': 5, 'p/r_ratio': 0.0, 'acc_length': 2}", 
        "{'#long_link': 1, 'long_link': 0.7, 'dof': 6, 'par_axes_y': 0, 'pitch_joint': 4, 'p/r_ratio': 0.0, 'acc_length': 2}"
      ]
    ]
  ], 
  "cr": {
    "{'#long_link': 2, 'long_link': 0.7, 'dof': 6, 'par_axes_y': 0, 'pitch_joint': 2, 'p/r_ratio': 0.0, 'acc_length': 2.6}": [
      0.02389015798699178, 
      0.0, 
      0.0, 
      0.0, 
      0.0, 
      0.0, 
      0.0, 
      0.003809293646347145, 
      0.0, 
      0.0
    ], 
    "{'#long_link': 2, 'long_link': 0.7, 'dof': 6, 'par_axes_y': 0, 'pitch_joint': 4, 'p/r_ratio': 0.0, 'acc_length': 2.6}": [
      0.0, 
      0.0005905255509530249, 
      0.0, 
      0.0, 
      0.0, 
      0.0, 
      0.0, 
      0.0, 
      0.003769076412361605, 
      0.0
    ], 
    "{'#long_link': 2, 'long_link': 0.7, 'dof': 6, 'par_axes_y': 2, 'pitch_joint': 4, 'p/r_ratio': 0.0, 'acc_length': 2.6}": [
      0.0, 
      0.0, 
      0.0, 
      0.0, 
      0.0, 
      0.0, 
      0.0, 
      0.0, 
      0.0, 
      0.0007801483184750491
    ], 
    "{'#long_link': 3, 'long_link': 0.7, 'dof': 6, 'par_axes_y': 0, 'pitch_joint': 4, 'p/r_ratio': 0.0, 'acc_length': 3.1}": [
      0.2041416959627594, 
      0.0, 
      0.0, 
      0.0002969349854492709, 
      0.0, 
      0.0, 
      0.0071371186333558986, 
      0.0, 
      0.0, 
      0.0
    ], 
    "{'#long_link': 3, 'long_link': 0.7, 'dof': 6, 'par_axes_y': 0, 'pitch_joint': 3, 'p/r_ratio': 0.0, 'acc_length': 3.1}": [
      0.0, 
      0.0, 
      0.0010021839483899454, 
      0.0, 
      0.0032831785481173383, 
      0.0, 
      0.0, 
      0.0, 
      0.0, 
      0.0
    ], 
    "{'#long_link': 2, 'long_link': 0.7, 'dof': 6, 'par_axes_y': 0, 'pitch_joint': 3, 'p/r_ratio': 0.0, 'acc_length': 2.6}": [
      0.008801931127781725, 
      0.0, 
      0.0, 
      0.0, 
      0.0008902615137994285, 
      0.0020093694370974524, 
      0.0, 
      0.008500562340688734, 
      0.0, 
      0.0
    ]
  }, 
  "gen": 101
}