{
  "start_time": 1588774363.505757, 
  "stopped": false, 
  "run_time": 86400.0, 
  "dwoi": [
    [
      [
        0.0
      ], 
      [
        0.0
      ], 
      [
        6.0
      ], 
      [
        "roll_z_0_1pitch_y_0_7pitch_y_0_4pitch_z_0_4pitch_z_0_4pitch_x_0_7"
      ], 
      [
        "{'#long_link': 2, 'long_link': 0.7, 'dof': 6, 'par_axes_y': 2, 'pitch_joint': 5, 'p/r_ratio': 1.0, 'acc_length': 3.1}"
      ]
    ]
  ], 
  "cr": {
    "{'#long_link': 2, 'long_link': 0.7, 'dof': 6, 'par_axes_y': 0, 'pitch_joint': 2, 'p/r_ratio': 0.0, 'acc_length': 2.6}": [
      0.0025925698827732545, 
      0.0008066769002886054, 
      0.0, 
      0.001396964056801664, 
      0.0, 
      0.0, 
      0.0
    ], 
    "{'#long_link': 2, 'long_link': 0.7, 'dof': 6, 'par_axes_y': 0, 'pitch_joint': 4, 'p/r_ratio': 0.0, 'acc_length': 2.6}": [
      0.0013946625663857515, 
      0.0, 
      0.0013968206654327632, 
      0.0, 
      0.0, 
      0.0
    ], 
    "{'#long_link': 2, 'long_link': 0.7, 'dof': 6, 'par_axes_y': 2, 'pitch_joint': 4, 'p/r_ratio': 0.0, 'acc_length': 2.6}": [
      0.20314045403735767, 
      0.0, 
      6.900712624435812e-07, 
      0.0018005414151300303, 
      0.0, 
      0.0, 
      0.0
    ], 
    "{'#long_link': 3, 'long_link': 0.7, 'dof': 6, 'par_axes_y': 0, 'pitch_joint': 4, 'p/r_ratio': 0.0, 'acc_length': 3.1}": [
      0.003904920545561785, 
      0.0, 
      0.00029327572724324735, 
      0.0, 
      0.006908682616864748, 
      0.0, 
      0.0, 
      0.0
    ], 
    "{'#long_link': 3, 'long_link': 0.7, 'dof': 6, 'par_axes_y': 0, 'pitch_joint': 3, 'p/r_ratio': 0.0, 'acc_length': 3.1}": [
      0.0011005387091813424, 
      0.0, 
      0.0, 
      0.0011065466939728652, 
      0.0, 
      0.0, 
      0.001103046604489677, 
      0.0, 
      0.0, 
      0.0
    ], 
    "{'#long_link': 2, 'long_link': 0.7, 'dof': 6, 'par_axes_y': 0, 'pitch_joint': 3, 'p/r_ratio': 0.0, 'acc_length': 2.6}": [
      0.0008952596679057123, 
      0.0, 
      0.0, 
      0.0
    ]
  }, 
  "gen": 1240
}